,Crop,Crop_Year,Season,State,Area,Production,Annual_Rainfall,Fertilizer,Pesticide,Yield,Temperature
0,Arhar/Tur,1997,Autumn,Odisha,25621,6487,1496.6,2438350.57,7942.51,0.202777778,21.89
1,Arhar/Tur,1997,Summer,Odisha,86559,16414,1496.6,8237820.03,26833.29,0.216785714,25.69
2,Arhar/Tur,1997,Winter,Odisha,116553,23305,1496.6,11092349.01,36131.43,0.198928571,19.87666667
3,Groundnut,1997,Autumn,Odisha,37462,34433,1496.6,3565258.54,11613.22,0.840434783,21.89
4,Groundnut,1997,Summer,Odisha,39729,48815,1496.6,3781008.93,12315.99,1.211071429,25.69
5,Groundnut,1997,Winter,Odisha,8157,8905,1496.6,776301.69,2528.67,0.884782609,19.87666667
6,Horse-gram,1997,Summer,Odisha,952,253,1496.6,90601.84,295.12,0.274444444,25.69
7,Horse-gram,1997,Winter,Odisha,114779,32809,1496.6,10923517.43,35581.49,0.303448276,19.87666667
8,Jute,1997,Autumn,Odisha,92010,123210,1496.6,8756591.7,28523.1,1.215,21.89
9,Maize,1997,Autumn,Odisha,51349,63331,1496.6,4886884.33,15918.19,0.812,21.89
10,Maize,1997,Summer,Odisha,1164,978,1496.6,110777.88,360.84,0.945714286,25.69
11,Maize,1997,Winter,Odisha,144,136,1496.6,13704.48,44.64,0.9925,19.87666667
12,Potato,1997,Whole Year,Odisha,8887,87413,1496.6,845775.79,2754.97,8.774,24.1
13,Ragi,1997,Autumn,Odisha,41987,26885,1496.6,3995902.79,13015.97,0.464615385,21.89
14,Ragi,1997,Summer,Odisha,603,429,1496.6,57387.51,186.93,0.576153846,25.69
15,Ragi,1997,Winter,Odisha,37191,19693,1496.6,3539467.47,11529.21,0.488125,19.87666667
16,Sesamum,1997,Autumn,Odisha,7286,1626,1496.6,693408.62,2258.66,0.212352941,21.89
17,Sesamum,1997,Summer,Odisha,16106,4065,1496.6,1532808.02,4992.86,0.259583333,25.69
18,Sesamum,1997,Winter,Odisha,48551,8316,1496.6,4620598.67,15050.81,0.17,19.87666667
19,Sugarcane,1997,Winter,Odisha,18682,1144012,1496.6,1777965.94,5791.42,55.64206897,19.87666667
20,Urad,1997,Autumn,Odisha,32111,8536,1496.6,3056003.87,9954.41,0.233181818,21.89
21,Urad,1997,Summer,Odisha,2077,480,1496.6,197668.09,643.87,0.277826087,25.69
22,Urad,1997,Winter,Odisha,118618,38610,1496.6,11288875.06,36771.58,0.261333333,19.87666667
23,Wheat,1997,Rabi,Odisha,5162,6360,1496.6,491267.54,1600.22,0.856666667,21.51666667
24,Arhar/Tur,1999,Kharif,Odisha,136080,85500,1484.3,14442170.4,36741.6,0.642,26.362
25,Bajra,1999,Kharif,Odisha,4010,2350,1484.3,425581.3,1082.7,0.586363636,26.362
26,Castor seed,1999,Kharif,Odisha,12160,6260,1484.3,1290540.8,3283.2,0.5032,26.362
27,Castor seed,1999,Rabi,Odisha,9720,4800,1484.3,1031583.6,2624.4,0.649230769,22.17166667
28,Coriander,1999,Rabi,Odisha,25170,10330,1484.3,2671292.1,6795.9,0.439655172,22.17166667
29,Cotton(lint),1999,Kharif,Odisha,38120,61030,1484.3,4045675.6,10292.4,1.215714286,26.362
30,Dry chillies,1999,Kharif,Odisha,44090,38300,1484.3,4679271.7,11904.3,0.832,26.362
31,Dry chillies,1999,Rabi,Odisha,57420,49620,1484.3,6093984.6,15503.4,0.827333333,22.17166667
32,Garlic,1999,Rabi,Odisha,17610,52280,1484.3,1868949.3,4754.7,2.941,22.17166667
33,Ginger,1999,Kharif,Odisha,13070,25930,1484.3,1387119.1,3528.9,1.975714286,26.362
34,Gram,1999,Rabi,Odisha,33610,20310,1484.3,3567029.3,9074.7,0.513703704,22.17166667
35,Groundnut,1999,Kharif,Odisha,100440,103490,1484.3,10659697.2,27118.8,1.105555556,26.362
36,Groundnut,1999,Rabi,Odisha,150020,256770,1484.3,15921622.6,40505.4,1.517857143,22.17166667
37,Horse-gram,1999,Rabi,Odisha,290330,96910,1484.3,30812722.9,78389.1,0.330869565,22.17166667
38,Jowar,1999,Kharif,Odisha,13760,8280,1484.3,1460348.8,3715.2,0.582,26.362
39,Jute,1999,Kharif,Odisha,13890,91740,1484.3,1474145.7,3750.3,5.435,26.362
40,Linseed,1999,Rabi,Odisha,27450,10590,1484.3,2913268.5,7411.5,0.516470588,22.17166667
41,Maize,1999,Kharif,Odisha,165330,206370,1484.3,17546472.9,44639.1,1.160333333,26.362
42,Maize,1999,Rabi,Odisha,8270,10280,1484.3,877695.1,2232.9,1.395357143,22.17166667
43,Masoor,1999,Rabi,Odisha,15610,7360,1484.3,1656689.3,4214.7,0.401666667,22.17166667
44,Mesta,1999,Kharif,Odisha,30370,129640,1484.3,3223168.1,8199.9,3.855555556,26.362
45,Moong(Green Gram),1999,Kharif,Odisha,149000,51470,1484.3,15813370,40230,0.355384615,26.362
46,Moong(Green Gram),1999,Rabi,Odisha,441000,175720,1484.3,46803330,119070,0.371333333,22.17166667
47,Niger seed,1999,Kharif,Odisha,118030,38670,1484.3,12526523.9,31868.1,0.376428571,26.362
48,Niger seed,1999,Rabi,Odisha,19010,7020,1484.3,2017531.3,5132.7,0.397142857,22.17166667
49,Onion,1999,Whole Year,Odisha,46400,368350,1484.3,4924432,12528,7.043,24.67
50,Potato,1999,Whole Year,Odisha,8740,91050,1484.3,927576.2,2359.8,9.781851852,24.67
51,Ragi,1999,Kharif,Odisha,202170,146790,1484.3,21456302.1,54585.9,0.615357143,26.362
52,Ragi,1999,Rabi,Odisha,6790,6860,1484.3,720622.7,1833.3,0.783636364,22.17166667
53,Rapeseed &Mustard,1999,Rabi,Odisha,125200,41040,1484.3,13287476,33804,0.338333333,22.17166667
54,Rice,1999,Autumn,Odisha,797000,743000,1484.3,84585610,215190,0.971333333,22.29
55,Rice,1999,Summer,Odisha,381810,912040,1484.3,40521495.3,103088.7,2.073333333,26.66
56,Rice,1999,Winter,Odisha,3423000,3532000,1484.3,363282990,924210,1.142666667,20.59666667
57,Safflower,1999,Rabi,Odisha,2400,1150,1484.3,254712,648,0.374,22.17166667
58,Sannhamp,1999,Whole Year,Odisha,11450,37050,1484.3,1215188.5,3091.5,3.852,24.67
59,Sesamum,1999,Kharif,Odisha,203000,64050,1484.3,21544390,54810,0.362857143,26.362
60,Sesamum,1999,Rabi,Odisha,73980,26690,1484.3,7851497.4,19974.6,0.372857143,22.17166667
61,Small millets,1999,Kharif,Odisha,41960,18850,1484.3,4453214.8,11329.2,0.417894737,26.362
62,Soyabean,1999,Kharif,Odisha,60,10,1484.3,6367.8,16.2,0.17,26.362
63,Sugarcane,1999,Winter,Odisha,30970,1826930,1484.3,3286846.1,8361.9,60.69166667,20.59666667
64,Sunflower,1999,Kharif,Odisha,570,330,1484.3,60494.1,153.9,0.476666667,26.362
65,Sunflower,1999,Rabi,Odisha,8780,7120,1484.3,931821.4,2370.6,0.71962963,22.17166667
66,Sweet potato,1999,Kharif,Odisha,34100,292450,1484.3,3619033,9207,8.429642857,26.362
67,Sweet potato,1999,Rabi,Odisha,9780,68770,1484.3,1037951.4,2640.6,7.766153846,22.17166667
68,Tobacco,1999,Whole Year,Odisha,7430,4590,1484.3,788545.9,2006.1,0.558181818,24.67
69,Turmeric,1999,Kharif,Odisha,28120,61180,1484.3,2984375.6,7592.4,1.9832,26.362
70,Urad,1999,Kharif,Odisha,198000,71940,1484.3,21013740,53460,0.386666667,26.362
71,Urad,1999,Rabi,Odisha,285970,105570,1484.3,30349996.1,77211.9,0.366333333,22.17166667
72,Wheat,1999,Rabi,Odisha,18540,24850,1484.3,1967650.2,5005.8,1.351333333,22.17166667
73,Arhar/Tur,2000,Kharif,Odisha,149140,97170,1066,14641073.8,38776.4,0.639666667,26.32
74,Arhar/Tur,2000,Rabi,Odisha,50,30,1066,4908.5,13,0.585,22.195
75,Bajra,2000,Kharif,Odisha,4120,2350,1066,404460.4,1071.2,0.564,26.32
76,Castor seed,2000,Kharif,Odisha,9710,5050,1066,953230.7,2524.6,0.5196,26.32
77,Castor seed,2000,Rabi,Odisha,8650,3940,1066,849170.5,2249,0.506923077,22.195
78,Coriander,2000,Whole Year,Odisha,13370,6550,1066,1312532.9,3476.2,0.482222222,24.6
79,Cotton(lint),2000,Kharif,Odisha,39160,65090,1066,3844337.2,10181.6,1.654,26.32
80,Dry chillies,2000,Whole Year,Odisha,69650,58950,1066,6837540.5,18109,0.838,24.6
81,Garlic,2000,Whole Year,Odisha,9000,28280,1066,883530,2340,3.123,24.6
82,Ginger,2000,Kharif,Odisha,12060,23840,1066,1183930.2,3135.6,1.962142857,26.32
83,Gram,2000,Rabi,Odisha,20630,12760,1066,2025247.1,5363.8,0.528666667,22.195
84,Groundnut,2000,Kharif,Odisha,72357,57475,1066,7103286.69,18812.82,0.885666667,26.32
85,Horse-gram,2000,Kharif,Odisha,75996,14594,1066,7460527.32,19758.96,0.217931034,26.32
86,Jowar,2000,Kharif,Odisha,13000,7480,1066,1276210,3380,0.598,26.32
87,Jute,2000,Kharif,Odisha,13850,106680,1066,1359654.5,3601,5.8825,26.32
88,Linseed,2000,Rabi,Odisha,20630,7460,1066,2025247.1,5363.8,0.361875,22.195
89,Maize,2000,Kharif,Odisha,54371,68866,1066,5337601.07,14136.46,0.8808,26.32
90,Mesta,2000,Kharif,Odisha,23880,102620,1066,2344299.6,6208.8,3.9072,26.32
91,Moong(Green Gram),2000,Kharif,Odisha,147440,29290,1066,14474184.8,38334.4,0.21,26.32
92,Niger seed,2000,Kharif,Odisha,126530,29980,1066,12421450.1,32897.8,0.342307692,26.32
93,Niger seed,2000,Rabi,Odisha,31500,9030,1066,3092355,8190,0.384545455,22.195
94,Onion,2000,Whole Year,Odisha,27400,229420,1066,2689858,7124,7.385666667,24.6
95,Other  Rabi pulses,2000,Rabi,Odisha,2180,1090,1066,214010.6,566.8,0.514444444,22.195
96,Other Kharif pulses,2000,Kharif,Odisha,26610,14510,1066,2612303.7,6918.6,0.520714286,26.32
97,Potato,2000,Whole Year,Odisha,8251,85872,1066,810000.67,2145.26,9.321071429,24.6
98,Ragi,2000,Kharif,Odisha,83981,46554,1066,8244414.77,21835.06,0.424230769,26.32
99,Rapeseed &Mustard,2000,Rabi,Odisha,12395,1649,1066,1216817.15,3222.7,0.132758621,22.195
100,Rice,2000,Autumn,Odisha,854570,464250,1066,83893136.9,222188.2,0.733666667,22.68
101,Rice,2000,Summer,Odisha,206730,441540,1066,20294684.1,53749.8,1.685333333,26.47
102,Rice,2000,Winter,Odisha,3372220,3707590,1066,331050837.4,876777.2,1.020666667,20.44666667
103,Safflower,2000,Rabi,Odisha,1390,780,1066,136456.3,361.4,0.546,22.195
104,Sannhamp,2000,Whole Year,Odisha,11160,42290,1066,1095577.2,2901.6,4.0725,24.6
105,Sesamum,2000,Kharif,Odisha,50502,6737,1066,4957781.34,13130.52,0.182,26.32
106,Small millets,2000,Kharif,Odisha,40520,15630,1066,3977848.4,10535.2,0.411666667,26.32
107,Sugarcane,2000,Whole Year,Odisha,16775,963917,1066,1646801.75,4361.5,51.06793103,24.6
108,Sunflower,2000,Kharif,Odisha,830,480,1066,81481.1,215.8,0.58,26.32
109,Sunflower,2000,Rabi,Odisha,4250,3110,1066,417222.5,1105,0.643928571,22.195
110,Sweet potato,2000,Whole Year,Odisha,37670,272050,1066,3698063.9,9794.2,7.797666667,24.6
111,Tobacco,2000,Whole Year,Odisha,3380,1560,1066,331814.6,878.8,0.454166667,24.6
112,Turmeric,2000,Whole Year,Odisha,25310,60630,1066,2484682.7,6580.6,2.341923077,24.6
113,Urad,2000,Kharif,Odisha,109101,27258,1066,10710445.17,28366.26,0.215666667,26.32
114,Wheat,2000,Rabi,Odisha,8819,12904,1066,865761.23,2292.94,1.201538462,22.195
115,Arhar/Tur,2001,Kharif,Odisha,126080,81340,1672.5,12876550.4,32780.8,0.696666667,26.48
116,Arhar/Tur,2001,Rabi,Odisha,290,160,1672.5,29617.7,75.4,0.616666667,22.31333333
117,Bajra,2001,Kharif,Odisha,4010,2270,1672.5,409541.3,1042.6,0.555,26.48
118,Castor seed,2001,Kharif,Odisha,8670,4310,1672.5,885467.1,2254.2,0.520909091,26.48
119,Castor seed,2001,Rabi,Odisha,9220,5020,1672.5,941638.6,2397.2,0.5328,22.31333333
120,Coriander,2001,Whole Year,Odisha,12910,5970,1672.5,1318498.3,3356.6,0.449666667,24.73
121,Dry chillies,2001,Whole Year,Odisha,70030,59180,1672.5,7152163.9,18207.8,0.844666667,24.73
122,Garlic,2001,Whole Year,Odisha,8950,28280,1672.5,914063.5,2327,3.164666667,24.73
123,Ginger,2001,Kharif,Odisha,13040,25210,1672.5,1331775.2,3390.4,1.808666667,26.48
124,Gram,2001,Rabi,Odisha,29520,19180,1672.5,3014877.6,7675.2,0.514642857,22.31333333
125,Groundnut,2001,Kharif,Odisha,61067,59904,1672.5,6236772.71,15877.42,0.966666667,26.48
126,Horse-gram,2001,Kharif,Odisha,91171,28017,1672.5,9311294.23,23704.46,0.315172414,26.48
127,Jowar,2001,Kharif,Odisha,12260,7090,1672.5,1252113.8,3187.6,0.607894737,26.48
128,Jute,2001,Kharif,Odisha,4612,37776,1672.5,471023.56,1199.12,8.092222222,26.48
129,Linseed,2001,Rabi,Odisha,23080,8530,1672.5,2357160.4,6000.8,0.355333333,22.31333333
130,Maize,2001,Kharif,Odisha,51428,46658,1672.5,5252341.64,13371.28,0.714615385,26.48
131,Masoor,2001,Rabi,Odisha,8790,3250,1672.5,897722.7,2285.4,0.364,22.31333333
132,Moong(Green Gram),2001,Kharif,Odisha,212511,51097,1672.5,21703748.43,55252.86,0.235666667,26.48
133,Niger seed,2001,Kharif,Odisha,115170,26960,1672.5,11762312.1,29944.2,0.283076923,26.48
134,Niger seed,2001,Rabi,Odisha,28290,8860,1672.5,2889257.7,7355.4,0.365833333,22.31333333
135,Onion,2001,Whole Year,Odisha,19410,173430,1672.5,1982343.3,5046.6,8.714333333,24.73
136,Other  Rabi pulses,2001,Rabi,Odisha,35620,21120,1672.5,3637870.6,9261.2,0.62,22.31333333
137,Other Kharif pulses,2001,Kharif,Odisha,21440,10630,1672.5,2189667.2,5574.4,0.47125,26.48
138,Potato,2001,Whole Year,Odisha,7580,78049,1672.5,774145.4,1970.8,9.565714286,24.73
139,Ragi,2001,Kharif,Odisha,76262,45077,1672.5,7788638.06,19828.12,0.489166667,26.48
140,Rapeseed &Mustard,2001,Rabi,Odisha,14159,2224,1672.5,1446058.67,3681.34,0.139310345,22.31333333
141,Rice,2001,Kharif,Odisha,4500000,7220000,1672.5,459585000,1170000,1.583666667,26.48
142,Safflower,2001,Rabi,Odisha,3950,2190,1672.5,403413.5,1027,0.4905,22.31333333
143,Sesamum,2001,Kharif,Odisha,51573,11341,1672.5,5267150.49,13408.98,0.225,26.48
144,Small millets,2001,Kharif,Odisha,42360,20120,1672.5,4326226.8,11013.6,0.426875,26.48
145,Sugarcane,2001,Whole Year,Odisha,10988,644007,1672.5,1122204.44,2856.88,52.85172414,24.73
146,Sunflower,2001,Kharif,Odisha,460,200,1672.5,46979.8,119.6,0.568,26.48
147,Sunflower,2001,Rabi,Odisha,8940,6850,1672.5,913042.2,2324.4,0.664814815,22.31333333
148,Sweet potato,2001,Whole Year,Odisha,38480,312850,1672.5,3929962.4,10004.8,8.193666667,24.73
149,Tobacco,2001,Whole Year,Odisha,5680,3580,1672.5,580098.4,1476.8,0.524,24.73
150,Turmeric,2001,Whole Year,Odisha,26420,59240,1672.5,2698274.6,6869.2,2.108,24.73
151,Urad,2001,Kharif,Odisha,148934,44552,1672.5,15210629.42,38722.84,0.255333333,26.48
152,Wheat,2001,Rabi,Odisha,6976,10565,1672.5,712458.88,1813.76,1.1288,22.31333333
153,Arhar/Tur,2002,Kharif,Odisha,114190,73450,1102.8,10810367.3,28547.5,0.665862069,26.684
154,Arhar/Tur,2002,Rabi,Odisha,70,50,1102.8,6626.9,17.5,0.65,22.37666667
155,Bajra,2002,Kharif,Odisha,3760,1820,1102.8,355959.2,940,0.528333333,26.684
156,Castor seed,2002,Kharif,Odisha,7830,3610,1102.8,741266.1,1957.5,0.463913043,26.684
157,Castor seed,2002,Rabi,Odisha,6400,2750,1102.8,605888,1600,0.489166667,22.37666667
158,Coriander,2002,Whole Year,Odisha,18880,8950,1102.8,1787369.6,4720,0.472333333,25
159,Dry chillies,2002,Whole Year,Odisha,74970,62910,1102.8,7097409.9,18742.5,0.834333333,25
160,Garlic,2002,Whole Year,Odisha,10700,33830,1102.8,1012969,2675,3.16,25
161,Ginger,2002,Kharif,Odisha,15340,29490,1102.8,1452237.8,3835,1.828,26.684
162,Gram,2002,Rabi,Odisha,21040,13020,1102.8,1991856.8,5260,0.489310345,22.37666667
163,Groundnut,2002,Kharif,Odisha,56137,48835,1102.8,5314489.79,14034.25,0.863,26.684
164,Horse-gram,2002,Kharif,Odisha,75952,14322,1102.8,7190375.84,18988,0.222666667,26.684
165,Jowar,2002,Kharif,Odisha,11000,5720,1102.8,1041370,2750,0.5605,26.684
166,Jute,2002,Kharif,Odisha,5610,51209,1102.8,531098.7,1402.5,8.91875,26.684
167,Linseed,2002,Rabi,Odisha,16530,5410,1102.8,1564895.1,4132.5,0.329285714,22.37666667
168,Maize,2002,Kharif,Odisha,43100,42400,1102.8,4080277,10775,0.9248,26.684
169,Masoor,2002,Rabi,Odisha,3810,1400,1102.8,360692.7,952.5,0.36,22.37666667
170,Moong(Green Gram),2002,Kharif,Odisha,168305,38348,1102.8,15933434.35,42076.25,0.205666667,26.684
171,Niger seed,2002,Kharif,Odisha,98060,15560,1102.8,9283340.2,24515,0.247272727,26.684
172,Niger seed,2002,Rabi,Odisha,19930,5810,1102.8,1886773.1,4982.5,0.330909091,22.37666667
173,Onion,2002,Whole Year,Odisha,26410,238790,1102.8,2500234.7,6602.5,8.852666667,25
174,Other  Rabi pulses,2002,Rabi,Odisha,26900,15730,1102.8,2546623,6725,0.592962963,22.37666667
175,Other Kharif pulses,2002,Kharif,Odisha,20790,10461,1102.8,1968189.3,5197.5,0.455555556,26.684
176,Potato,2002,Whole Year,Odisha,7076,70320,1102.8,669884.92,1769,8.908214286,25
177,Ragi,2002,Kharif,Odisha,77095,35504,1102.8,7298583.65,19273.75,0.387692308,26.684
178,Rapeseed &Mustard,2002,Rabi,Odisha,12193,1604,1102.8,1154311.31,3048.25,0.118333333,22.37666667
179,Rice,2002,Kharif,Odisha,4273000,3278000,1102.8,404524910,1068250,0.753333333,26.684
180,Safflower,2002,Rabi,Odisha,1250,500,1102.8,118337.5,312.5,0.51,22.37666667
181,Sesamum,2002,Kharif,Odisha,43471,7022,1102.8,4115399.57,10867.75,0.203448276,26.684
182,Small millets,2002,Kharif,Odisha,30440,11440,1102.8,2881754.8,7610,0.394705882,26.684
183,Sugarcane,2002,Whole Year,Odisha,14177,753194,1102.8,1342136.59,3544.25,52.07642857,25
184,Sunflower,2002,Kharif,Odisha,50,30,1102.8,4733.5,12.5,0.666666667,26.684
185,Sunflower,2002,Rabi,Odisha,3860,2610,1102.8,365426.2,965,0.599655172,22.37666667
186,Sweet potato,2002,Whole Year,Odisha,46890,384260,1102.8,4439076.3,11722.5,8.228666667,25
187,Tobacco,2002,Whole Year,Odisha,4090,2600,1102.8,387200.3,1022.5,0.522222222,25
188,Turmeric,2002,Whole Year,Odisha,23640,33700,1102.8,2237998.8,5910,2.164827586,25
189,Urad,2002,Kharif,Odisha,117293,27067,1102.8,11104128.31,29323.25,0.202333333,26.684
190,Wheat,2002,Rabi,Odisha,4627,5767,1102.8,438038.09,1156.75,1.133636364,22.37666667
191,Arhar/Tur,2003,Kharif,Odisha,136540,95590,1648.2,13514729.2,32769.6,0.682068966,26.558
192,Bajra,2003,Kharif,Odisha,3270,1720,1648.2,323664.6,784.8,0.538333333,26.558
193,Castor seed,2003,Kharif,Odisha,10900,5590,1648.2,1078882,2616,0.480769231,26.558
194,Castor seed,2003,Rabi,Odisha,6830,3050,1648.2,676033.4,1639.2,0.486,22.14166667
195,Coriander,2003,Whole Year,Odisha,19010,9000,1648.2,1881609.8,4562.4,0.480666667,24.72
196,Dry chillies,2003,Whole Year,Odisha,75040,63180,1648.2,7427459.2,18009.6,0.838666667,24.72
197,Garlic,2003,Whole Year,Odisha,10850,34320,1648.2,1073933,2604,3.144666667,24.72
198,Ginger,2003,Kharif,Odisha,15480,30020,1648.2,1532210.4,3715.2,1.810333333,26.558
199,Gram,2003,Rabi,Odisha,28570,17670,1648.2,2827858.6,6856.8,0.505172414,22.14166667
200,Groundnut,2003,Kharif,Odisha,77176,93133,1648.2,7638880.48,18522.24,1.084,26.558
201,Horse-gram,2003,Kharif,Odisha,87826,24752,1648.2,8693017.48,21078.24,0.293103448,26.558
202,Jowar,2003,Kharif,Odisha,11090,6380,1648.2,1097688.2,2661.6,0.604,26.558
203,Jute,2003,Kharif,Odisha,2590,18148,1648.2,256358.2,621.6,7.076666667,26.558
204,Linseed,2003,Rabi,Odisha,18240,7180,1648.2,1805395.2,4377.6,0.33,22.14166667
205,Maize,2003,Kharif,Odisha,55549,78744,1648.2,5498240.02,13331.76,0.887307692,26.558
206,Maize,2003,Rabi,Odisha,13760,18180,1648.2,1361964.8,3302.4,1.32,22.14166667
207,Masoor,2003,Rabi,Odisha,5860,2430,1648.2,580022.8,1406.4,0.4025,22.14166667
208,Moong(Green Gram),2003,Kharif,Odisha,257261,60081,1648.2,25463693.78,61742.64,0.229333333,26.558
209,Niger seed,2003,Kharif,Odisha,110640,25660,1648.2,10951147.2,26553.6,0.277,26.558
210,Niger seed,2003,Rabi,Odisha,19610,6170,1648.2,1940997.8,4706.4,0.38,22.14166667
211,Onion,2003,Whole Year,Odisha,26550,240340,1648.2,2627919,6372,8.845666667,24.72
212,Other  Rabi pulses,2003,Rabi,Odisha,35250,20190,1648.2,3489045,8460,0.582592593,22.14166667
213,Other Kharif pulses,2003,Kharif,Odisha,27280,15020,1648.2,2700174.4,6547.2,0.506428571,26.558
214,Potato,2003,Whole Year,Odisha,7303,75823,1648.2,722850.94,1752.72,9.688965517,24.72
215,Ragi,2003,Kharif,Odisha,70490,44575,1648.2,6977100.2,16917.6,0.4768,26.558
216,Rapeseed &Mustard,2003,Rabi,Odisha,15907,3065,1648.2,1574474.86,3817.68,0.169310345,22.14166667
217,Rice,2003,Kharif,Odisha,4501000,6801000,1648.2,445508980,1080240,1.516333333,26.558
218,Safflower,2003,Rabi,Odisha,1620,710,1648.2,160347.6,388.8,0.42875,22.14166667
219,Sesamum,2003,Kharif,Odisha,37716,7776,1648.2,3733129.68,9051.84,0.219333333,26.558
220,Small millets,2003,Kharif,Odisha,26570,11510,1648.2,2629898.6,6376.8,0.435789474,26.558
221,Sugarcane,2003,Whole Year,Odisha,14565,858096,1648.2,1441643.7,3495.6,54.54655172,24.72
222,Sunflower,2003,Kharif,Odisha,820,470,1648.2,81163.6,196.8,0.608461538,26.558
223,Sunflower,2003,Rabi,Odisha,5230,3920,1648.2,517665.4,1255.2,0.647931034,22.14166667
224,Sweet potato,2003,Whole Year,Odisha,47030,393560,1648.2,4655029.4,11287.2,8.454333333,24.72
225,Tobacco,2003,Whole Year,Odisha,5310,3490,1648.2,525583.8,1274.4,0.537,24.72
226,Turmeric,2003,Whole Year,Odisha,23780,56420,1648.2,2353744.4,5707.2,2.241,24.72
227,Urad,2003,Kharif,Odisha,135994,36794,1648.2,13460686.12,32638.56,0.256333333,26.558
228,Wheat,2003,Rabi,Odisha,5129,7517,1648.2,507668.42,1230.96,1.377407407,22.14166667
229,Arhar/Tur,2019,Kharif,Odisha,128630,144580,1593.9,22093488.8,47593.1,0.973461538,27.578
230,Bajra,2019,Kharif,Odisha,1870,1160,1593.9,321191.2,691.9,0.678,27.578
231,Castor seed,2019,Kharif,Odisha,4510,2910,1593.9,774637.6,1668.7,0.909,27.578
232,Castor seed,2019,Rabi,Odisha,2280,1510,1593.9,391612.8,843.6,0.701538462,23.315
233,Coriander,2019,Rabi,Odisha,19980,13140,1593.9,3431764.8,7392.6,0.614666667,23.315
234,Cotton(lint),2019,Kharif,Odisha,169560,578500,1593.9,29123625.6,62737.2,3.399166667,27.578
235,Cowpea(Lobia),2019,Kharif,Odisha,40330,30010,1593.9,6927080.8,14922.1,0.730666667,27.578
236,Cowpea(Lobia),2019,Rabi,Odisha,27980,20670,1593.9,4805844.8,10352.6,0.7432,23.315
237,Dry chillies,2019,Kharif,Odisha,24910,23360,1593.9,4278541.6,9216.7,0.938666667,27.578
238,Dry chillies,2019,Rabi,Odisha,50090,65410,1593.9,8603458.4,18533.3,1.374,23.315
239,Garlic,2019,Rabi,Odisha,13500,49530,1593.9,2318760,4995,4.251428571,23.315
240,Ginger,2019,Kharif,Odisha,17140,228840,1593.9,2943966.4,6341.8,13.45275862,27.578
241,Gram,2019,Rabi,Odisha,27820,21670,1593.9,4778363.2,10293.4,0.799285714,23.315
242,Groundnut,2019,Autumn,Odisha,9663,11486,1593.9,1659716.88,3575.31,1.357894737,23.49
243,Groundnut,2019,Summer,Odisha,18352,41013,1593.9,3152139.52,6790.24,1.848076923,28
244,Groundnut,2019,Winter,Odisha,1422,2262,1593.9,244242.72,526.14,1.509090909,21.63666667
245,Horse-gram,2019,Summer,Odisha,36,23,1593.9,6183.36,13.32,0.63,28
246,Horse-gram,2019,Winter,Odisha,22722,8999,1593.9,3902730.72,8407.14,0.400344828,21.63666667
247,Jowar,2019,Kharif,Odisha,5810,3680,1593.9,997925.6,2149.7,0.648,27.578
248,Jute,2019,Autumn,Odisha,147,319,1593.9,25248.72,54.39,1.94,23.49
249,Linseed,2019,Rabi,Odisha,10170,5040,1593.9,1746799.2,3762.9,0.519230769,23.315
250,Maize,2019,Autumn,Odisha,61041,175675,1593.9,10484402.16,22585.17,2.048181818,23.49
251,Maize,2019,Summer,Odisha,3934,13113,1593.9,675703.84,1455.58,2.243,28
252,Maize,2019,Winter,Odisha,95,226,1593.9,16317.2,35.15,2.48125,21.63666667
253,Masoor,2019,Rabi,Odisha,9340,4940,1593.9,1604238.4,3455.8,0.535714286,23.315
254,Mesta,2019,Kharif,Odisha,4690,23420,1593.9,805554.4,1735.3,4.85,27.578
255,Moong(Green Gram),2019,Autumn,Odisha,10656,3144,1593.9,1830274.56,3942.72,0.370909091,23.49
256,Moong(Green Gram),2019,Summer,Odisha,169358,57566,1593.9,29088930.08,62662.46,0.431538462,28
257,Moong(Green Gram),2019,Winter,Odisha,60116,20003,1593.9,10325524.16,22242.92,0.386818182,21.63666667
258,Niger seed,2019,Winter,Odisha,15898,5699,1593.9,2730640.48,5882.26,0.287,21.63666667
259,Onion,2019,Rabi,Odisha,35120,437140,1593.9,6032211.2,12994.4,12.21413793,23.315
260,Other  Rabi pulses,2019,Rabi,Odisha,77940,37960,1593.9,13386974.4,28837.8,0.465909091,23.315
261,Other Kharif pulses,2019,Kharif,Odisha,80810,36040,1593.9,13879925.6,29899.7,0.44,27.578
262,Peas & beans (Pulses),2019,Rabi,Odisha,33400,25620,1593.9,5736784,12358,0.77,23.315
263,Potato,2019,Winter,Odisha,4397,46961,1593.9,755228.72,1626.89,11.34730769,21.63666667
264,Ragi,2019,Autumn,Odisha,9588,7154,1593.9,1646834.88,3547.56,0.620833333,23.49
265,Ragi,2019,Summer,Odisha,381,288,1593.9,65440.56,140.97,0.613333333,28
266,Ragi,2019,Winter,Odisha,25919,18778,1593.9,4451847.44,9590.03,0.5725,21.63666667
267,Rapeseed &Mustard,2019,Winter,Odisha,6952,2039,1593.9,1194075.52,2572.24,0.263333333,21.63666667
268,Rice,2019,Autumn,Odisha,426080,769480,1593.9,73183500.8,157649.6,1.8825,23.49
269,Rice,2019,Summer,Odisha,292610,932910,1593.9,50258693.6,108265.7,2.796896552,28
270,Rice,2019,Winter,Odisha,3222020,8052660,1593.9,553414155.2,1192147.4,2.564666667,21.63666667
271,Safflower,2019,Rabi,Odisha,300,180,1593.9,51528,111,0.623333333,23.315
272,Sannhamp,2019,Kharif,Odisha,4880,25590,1593.9,838188.8,1805.6,4.954,27.578
273,Sesamum,2019,Autumn,Odisha,1935,594,1593.9,332355.6,715.95,0.428333333,23.49
274,Sesamum,2019,Summer,Odisha,2603,570,1593.9,447091.28,963.11,0.293333333,28
275,Sesamum,2019,Winter,Odisha,9457,2914,1593.9,1624334.32,3499.09,0.2275,21.63666667
276,Small millets,2019,Kharif,Odisha,32870,16990,1593.9,5645751.2,12161.9,0.498125,27.578
277,Sugarcane,2019,Winter,Odisha,8948,504870,1593.9,1536908.48,3310.76,56.56238095,21.63666667
278,Sunflower,2019,Kharif,Odisha,630,470,1593.9,108208.8,233.1,0.8275,27.578
279,Sunflower,2019,Rabi,Odisha,15930,20480,1593.9,2736136.8,5894.1,1.288333333,23.315
280,Sweet potato,2019,Kharif,Odisha,36270,350740,1593.9,6229735.2,13419.9,9.507666667,27.578
281,Sweet potato,2019,Rabi,Odisha,6610,59200,1593.9,1135333.6,2445.7,8.970909091,23.315
282,Tobacco,2019,Rabi,Odisha,130,90,1593.9,22328.8,48.1,0.69,23.315
283,Turmeric,2019,Kharif,Odisha,30000,60000,1593.9,5152800,11100,2.274482759,27.578
284,Urad,2019,Autumn,Odisha,10170,2986,1593.9,1746799.2,3762.9,0.318181818,23.49
285,Urad,2019,Summer,Odisha,8522,3212,1593.9,1463738.72,3153.14,0.409090909,28
286,Urad,2019,Winter,Odisha,38948,15020,1593.9,6689708.48,14410.76,0.373076923,21.63666667
287,Wheat,2019,Summer,Odisha,118,164,1593.9,20267.68,43.66,1.495,28
288,Bajra,2004,Kharif,Odisha,3155,1609,1290.4,341812.7,662.55,0.499230769,26.312
289,Castor seed,2004,Kharif,Odisha,11117,5670,1290.4,1204415.78,2334.57,0.461071429,26.312
290,Castor seed,2004,Rabi,Odisha,6956,3510,1290.4,753613.04,1460.76,0.446666667,22.27333333
291,Coriander,2004,Whole Year,Odisha,19060,9107,1290.4,2064960.4,4002.6,0.482333333,24.74
292,Dry chillies,2004,Whole Year,Odisha,76113,63240,1290.4,8246082.42,15983.73,0.830666667,24.74
293,Garlic,2004,Whole Year,Odisha,11044,34918,1290.4,1196506.96,2319.24,3.158,24.74
294,Ginger,2004,Kharif,Odisha,15674,30368,1290.4,1698121.16,3291.54,1.825666667,26.312
295,Gram,2004,Rabi,Odisha,31811,19941,1290.4,3446403.74,6680.31,0.536,22.27333333
296,Groundnut,2004,Autumn,Odisha,30494,25117,1290.4,3303719.96,6403.74,0.715769231,22.24
297,Groundnut,2004,Summer,Odisha,54029,74074,1290.4,5853501.86,11346.09,1.136551724,27.06
298,Groundnut,2004,Winter,Odisha,3187,3522,1290.4,345279.58,669.27,1.036842105,20.7
299,Horse-gram,2004,Summer,Odisha,240,62,1290.4,26001.6,50.4,0.21,27.06
300,Horse-gram,2004,Winter,Odisha,78105,20792,1290.4,8461895.7,16402.05,0.301666667,20.7
301,Jowar,2004,Kharif,Odisha,10071,5451,1290.4,1091092.14,2114.91,0.5245,26.312
302,Jute,2004,Autumn,Odisha,2520,24728,1290.4,273016.8,529.2,8.1725,22.24
303,Linseed,2004,Rabi,Odisha,22376,8529,1290.4,2424215.84,4698.96,0.355625,22.27333333
304,Maize,2004,Autumn,Odisha,58692,94954,1290.4,6358691.28,12325.32,1.0572,22.24
305,Maize,2004,Summer,Odisha,2071,4226,1290.4,224372.14,434.91,1.267727273,27.06
306,Maize,2004,Winter,Odisha,1575,3107,1290.4,170635.5,330.75,1.461538462,20.7
307,Masoor,2004,Rabi,Odisha,10400,4130,1290.4,1126736,2184,0.393333333,22.27333333
308,Moong(Green Gram),2004,Autumn,Odisha,18750,4373,1290.4,2031375,3937.5,0.171176471,22.24
309,Moong(Green Gram),2004,Summer,Odisha,111395,35257,1290.4,12068534.3,23392.95,0.275,27.06
310,Moong(Green Gram),2004,Winter,Odisha,82486,16515,1290.4,8936533.24,17322.06,0.196666667,20.7
311,Niger seed,2004,Rabi,Odisha,123617,33969,1290.4,13392665.78,25959.57,0.31,22.27333333
312,Onion,2004,Whole Year,Odisha,26684,241852,1290.4,2890944.56,5603.64,8.963333333,24.74
313,Other  Rabi pulses,2004,Rabi,Odisha,41790,25599,1290.4,4527528.6,8775.9,0.598666667,22.27333333
314,Potato,2004,Winter,Odisha,8506,80770,1290.4,921540.04,1786.26,8.655,20.7
315,Ragi,2004,Autumn,Odisha,24161,15814,1290.4,2617602.74,5073.81,0.548571429,22.24
316,Ragi,2004,Summer,Odisha,261,213,1290.4,28276.74,54.81,0.802,27.06
317,Ragi,2004,Winter,Odisha,39385,24820,1290.4,4266970.9,8270.85,0.472142857,20.7
318,Rapeseed &Mustard,2004,Winter,Odisha,15863,3029,1290.4,1718597.42,3331.23,0.159,20.7
319,Rice,2004,Autumn,Odisha,824000,677000,1290.4,89272160,173040,0.98,22.24
320,Rice,2004,Summer,Odisha,293000,652000,1290.4,31743620,61530,1.938148148,27.06
321,Rice,2004,Winter,Odisha,3375000,5207000,1290.4,365647500,708750,1.511333333,20.7
322,Safflower,2004,Rabi,Odisha,1804,1092,1290.4,195445.36,378.84,0.498,22.27333333
323,Sesamum,2004,Autumn,Odisha,4001,978,1290.4,433468.34,840.21,0.199375,22.24
324,Sesamum,2004,Summer,Odisha,8284,2187,1290.4,897488.56,1739.64,0.283076923,27.06
325,Sesamum,2004,Winter,Odisha,36428,7719,1290.4,3946609.52,7649.88,0.164583333,20.7
326,Small millets,2004,Kharif,Odisha,24875,11098,1290.4,2694957.5,5223.75,0.453684211,26.312
327,Sugarcane,2004,Winter,Odisha,14486,926085,1290.4,1569413.24,3042.06,56.76321429,20.7
328,Sunflower,2004,Rabi,Odisha,7578,5845,1290.4,821000.52,1591.38,0.65137931,22.27333333
329,Sweet potato,2004,Whole Year,Odisha,47112,394287,1290.4,5104114.08,9893.52,8.469666667,24.74
330,Tobacco,2004,Whole Year,Odisha,4760,3247,1290.4,515698.4,999.6,0.561,24.74
331,Turmeric,2004,Whole Year,Odisha,23860,56768,1290.4,2584992.4,5010.6,2.249333333,24.74
332,Urad,2004,Autumn,Odisha,27222,5867,1290.4,2949231.48,5716.62,0.199047619,22.24
333,Urad,2004,Summer,Odisha,4605,1886,1290.4,498905.7,967.05,0.289,27.06
334,Urad,2004,Winter,Odisha,92216,24915,1290.4,9990681.44,19365.36,0.230344828,20.7
335,Wheat,2004,Summer,Odisha,4054,5313,1290.4,439210.36,851.34,1.266071429,27.06
336,Groundnut,1998,Autumn,Odisha,32001,27051,1357.1,3161698.8,9280.29,0.742608696,22.42
337,Groundnut,1998,Summer,Odisha,45581,39912,1357.1,4503402.8,13218.49,1.031,26.41
338,Groundnut,1998,Winter,Odisha,5987,5184,1357.1,591515.6,1736.23,0.94,20.62
339,Horse-gram,1998,Summer,Odisha,528,81,1357.1,52166.4,153.12,0.105714286,26.41
340,Horse-gram,1998,Winter,Odisha,96407,23838,1357.1,9525011.6,27958.03,0.250666667,20.62
341,Jute,1998,Autumn,Odisha,5313,41593,1357.1,524924.4,1540.77,6.449090909,22.42
342,Maize,1998,Autumn,Odisha,50230,65866,1357.1,4962724,14566.7,0.838846154,22.42
343,Maize,1998,Summer,Odisha,276,240,1357.1,27268.8,80.04,0.94125,26.41
344,Maize,1998,Winter,Odisha,417,247,1357.1,41199.6,120.93,0.717142857,20.62
345,Moong(Green Gram),1998,Autumn,Odisha,21845,5123,1357.1,2158286,6335.05,0.174210526,22.42
346,Moong(Green Gram),1998,Summer,Odisha,92720,22077,1357.1,9160736,26888.8,0.253793103,26.41
347,Moong(Green Gram),1998,Winter,Odisha,106933,17537,1357.1,10564980.4,31010.57,0.136296296,20.62
348,Potato,1998,Winter,Odisha,7955,92624,1357.1,785954,2306.95,9.830666667,20.62
349,Ragi,1998,Autumn,Odisha,41039,27015,1357.1,4054653.2,11901.31,0.408,22.42
350,Ragi,1998,Summer,Odisha,861,596,1357.1,85066.8,249.69,0.476363636,26.41
351,Ragi,1998,Winter,Odisha,39112,24271,1357.1,3864265.6,11342.48,0.539047619,20.62
352,Rapeseed &Mustard,1998,Winter,Odisha,19021,2376,1357.1,1879274.8,5516.09,0.113,20.62
353,Rice,1998,Autumn,Odisha,819731,501365,1357.1,80989422.8,237721.99,0.837666667,22.42
354,Rice,1998,Summer,Odisha,268081,506455,1357.1,26486402.8,77743.49,1.582666667,26.41
355,Rice,1998,Winter,Odisha,3358901,4383502,1357.1,331859418.8,974081.29,1.342333333,20.62
356,Sesamum,1998,Autumn,Odisha,7694,1269,1357.1,760167.2,2231.26,0.182941176,22.42
357,Sesamum,1998,Summer,Odisha,7864,1683,1357.1,776963.2,2280.56,0.203703704,26.41
358,Sesamum,1998,Winter,Odisha,37995,6669,1357.1,3753906,11018.55,0.1668,20.62
359,Sugarcane,1998,Winter,Odisha,22325,1469529,1357.1,2205710,6474.25,58.57666667,20.62
360,Urad,1998,Autumn,Odisha,35494,9030,1357.1,3506807.2,10293.26,0.1888,22.42
361,Urad,1998,Summer,Odisha,2544,529,1357.1,251347.2,737.76,0.240454545,26.41
362,Urad,1998,Winter,Odisha,100561,28577,1357.1,9935426.8,29162.69,0.222666667,20.62
363,Wheat,1998,Summer,Odisha,3868,4441,1357.1,382158.4,1121.72,1.108,26.41
364,Groundnut,2005,Autumn,Odisha,34909,28983,1503.4,4186287.28,7330.89,0.706,21.93
365,Groundnut,2005,Summer,Odisha,52720,74525,1503.4,6322182.4,11071.2,1.252758621,26.33
366,Groundnut,2005,Winter,Odisha,3171,2831,1503.4,380266.32,665.91,0.913157895,20.50333333
367,Horse-gram,2005,Summer,Odisha,439,83,1503.4,52644.88,92.19,0.217777778,26.33
368,Horse-gram,2005,Winter,Odisha,75000,20905,1503.4,8994000,15750,0.287666667,20.50333333
369,Jute,2005,Autumn,Odisha,2724,24644,1503.4,326662.08,572.04,8.301428571,21.93
370,Maize,2005,Autumn,Odisha,56216,85608,1503.4,6741422.72,11805.36,0.9388,21.93
371,Maize,2005,Summer,Odisha,1585,3455,1503.4,190073.2,332.85,1.497142857,26.33
372,Maize,2005,Winter,Odisha,5786,12841,1503.4,693857.12,1215.06,1.32,20.50333333
373,Moong(Green Gram),2005,Autumn,Odisha,20063,4344,1503.4,2405954.96,4213.23,0.175333333,21.93
374,Moong(Green Gram),2005,Summer,Odisha,132266,42509,1503.4,15861338.72,27775.86,0.2875,26.33
375,Moong(Green Gram),2005,Winter,Odisha,104909,19319,1503.4,12580687.28,22030.89,0.239259259,20.50333333
376,Potato,2005,Winter,Odisha,8305,75078,1503.4,995935.6,1744.05,8.475517241,20.50333333
377,Ragi,2005,Autumn,Odisha,26366,16419,1503.4,3161810.72,5536.86,0.526842105,21.93
378,Ragi,2005,Summer,Odisha,226,180,1503.4,27101.92,47.46,0.693333333,26.33
379,Ragi,2005,Winter,Odisha,38975,23717,1503.4,4673882,8184.75,0.476470588,20.50333333
380,Rapeseed &Mustard,2005,Winter,Odisha,17401,3330,1503.4,2086727.92,3654.21,0.172333333,20.50333333
381,Rice,2005,Autumn,Odisha,781000,681000,1503.4,93657520,164010,1.016428571,21.93
382,Rice,2005,Summer,Odisha,325000,702000,1503.4,38974000,68250,2.04,26.33
383,Rice,2005,Winter,Odisha,3373000,5475000,1503.4,404490160,708330,1.639666667,20.50333333
384,Sesamum,2005,Autumn,Odisha,3014,417,1503.4,361438.88,632.94,0.171176471,21.93
385,Sesamum,2005,Summer,Odisha,10331,2788,1503.4,1238893.52,2169.51,0.284615385,26.33
386,Sesamum,2005,Winter,Odisha,41341,9837,1503.4,4957612.72,8681.61,0.21125,20.50333333
387,Sugarcane,2005,Winter,Odisha,16332,1073011,1503.4,1958533.44,3429.72,57.81310345,20.50333333
388,Urad,2005,Autumn,Odisha,27147,5411,1503.4,3255468.24,5700.87,0.202380952,21.93
389,Urad,2005,Summer,Odisha,6116,2458,1503.4,733430.72,1284.36,0.33,26.33
390,Urad,2005,Winter,Odisha,100077,25771,1503.4,12001233.84,21016.17,0.252666667,20.50333333
391,Wheat,2005,Summer,Odisha,3276,4486,1503.4,392857.92,687.96,1.2124,26.33
392,Groundnut,2006,Autumn,Odisha,32928,28796,1716.9,4205234.88,7244.16,0.781666667,22.66
393,Groundnut,2006,Summer,Odisha,42429,54800,1716.9,5418607.59,9334.38,1.179285714,26.52
394,Groundnut,2006,Winter,Odisha,3535,4056,1716.9,451454.85,777.7,0.965789474,21.77333333
395,Horse-gram,2006,Summer,Odisha,197,25,1716.9,25158.87,43.34,0.242857143,26.52
396,Horse-gram,2006,Winter,Odisha,73305,21142,1716.9,9361781.55,16127.1,0.300666667,21.77333333
397,Jute,2006,Autumn,Odisha,4858,47835,1716.9,620415.18,1068.76,8.724285714,22.66
398,Maize,2006,Autumn,Odisha,53460,82868,1716.9,6827376.6,11761.2,0.964583333,22.66
399,Maize,2006,Summer,Odisha,1916,4497,1716.9,244692.36,421.52,1.6265,26.52
400,Maize,2006,Winter,Odisha,5894,15471,1716.9,752722.74,1296.68,1.662857143,21.77333333
401,Moong(Green Gram),2006,Autumn,Odisha,22715,5201,1716.9,2900932.65,4997.3,0.20125,22.66
402,Moong(Green Gram),2006,Summer,Odisha,127125,34313,1716.9,16235133.75,27967.5,0.278275862,26.52
403,Moong(Green Gram),2006,Winter,Odisha,85385,17673,1716.9,10904518.35,18784.7,0.23862069,21.77333333
404,Potato,2006,Winter,Odisha,8176,79316,1716.9,1044156.96,1798.72,8.693793103,21.77333333
405,Ragi,2006,Autumn,Odisha,24822,15419,1716.9,3170017.62,5460.84,0.5665,22.66
406,Ragi,2006,Summer,Odisha,274,202,1716.9,34992.54,60.28,0.59,26.52
407,Ragi,2006,Winter,Odisha,39905,27462,1716.9,5096267.55,8779.1,0.522666667,21.77333333
408,Rapeseed &Mustard,2006,Winter,Odisha,15161,2578,1716.9,1936211.31,3335.42,0.154,21.77333333
409,Rice,2006,Autumn,Odisha,757000,765000,1716.9,96676470,166540,1.056785714,22.66
410,Rice,2006,Summer,Odisha,315000,720000,1716.9,40228650,69300,2.012,26.52
411,Rice,2006,Winter,Odisha,3379000,5338000,1716.9,431532090,743380,1.580333333,21.77333333
412,Sesamum,2006,Autumn,Odisha,3320,612,1716.9,423997.2,730.4,0.184705882,22.66
413,Sesamum,2006,Summer,Odisha,9607,2417,1716.9,1226909.97,2113.54,0.272916667,26.52
414,Sesamum,2006,Winter,Odisha,37416,7638,1716.9,4778397.36,8231.52,0.184166667,21.77333333
415,Sugarcane,2006,Winter,Odisha,20095,1274372,1716.9,2566332.45,4420.9,58.80103448,21.77333333
416,Urad,2006,Autumn,Odisha,27628,5991,1716.9,3528371.88,6078.16,0.235,22.66
417,Urad,2006,Summer,Odisha,6118,2164,1716.9,781329.78,1345.96,0.300588235,26.52
418,Urad,2006,Winter,Odisha,92126,28531,1716.9,11765411.46,20267.72,0.285666667,21.77333333
419,Wheat,2006,Summer,Odisha,3913,5802,1716.9,499729.23,860.86,1.303076923,26.52
420,Groundnut,2007,Autumn,Odisha,31474,30635,1633.8,4198631.6,5035.84,0.812083333,22.32
421,Groundnut,2007,Summer,Odisha,50530,69544,1633.8,6740702,8084.8,1.252142857,26.69
422,Groundnut,2007,Winter,Odisha,2094,2406,1633.8,279339.6,335.04,1.054,20.84
423,Horse-gram,2007,Summer,Odisha,152,42,1633.8,20276.8,24.32,0.226666667,26.69
424,Horse-gram,2007,Winter,Odisha,71956,21084,1633.8,9598930.4,11512.96,0.306666667,20.84
425,Jute,2007,Autumn,Odisha,5818,49836,1633.8,776121.2,930.88,8.147777778,22.32
426,Maize,2007,Autumn,Odisha,64690,122879,1633.8,8629646,10350.4,1.096923077,22.32
427,Maize,2007,Summer,Odisha,2874,6495,1633.8,383391.6,459.84,1.383043478,26.69
428,Maize,2007,Winter,Odisha,6505,17797,1633.8,867767,1040.8,1.561333333,20.84
429,Moong(Green Gram),2007,Autumn,Odisha,23687,5930,1633.8,3159845.8,3789.92,0.199375,22.32
430,Moong(Green Gram),2007,Summer,Odisha,148138,38981,1633.8,19761609.2,23702.08,0.288928571,26.69
431,Moong(Green Gram),2007,Winter,Odisha,86079,18188,1633.8,11482938.6,13772.64,0.254074074,20.84
432,Potato,2007,Winter,Odisha,8514,94255,1633.8,1135767.6,1362.24,9.788,20.84
433,Ragi,2007,Autumn,Odisha,26217,17357,1633.8,3497347.8,4194.72,0.541,22.32
434,Ragi,2007,Summer,Odisha,484,428,1633.8,64565.6,77.44,0.78,26.69
435,Ragi,2007,Winter,Odisha,40826,28992,1633.8,5446188.4,6532.16,0.522307692,20.84
436,Rapeseed &Mustard,2007,Winter,Odisha,15884,3232,1633.8,2118925.6,2541.44,0.190689655,20.84
437,Rice,2007,Autumn,Odisha,742000,814000,1633.8,98982800,118720,1.082857143,22.32
438,Rice,2007,Summer,Odisha,334000,816000,1633.8,44555600,53440,2.108928571,26.69
439,Rice,2007,Winter,Odisha,3376000,5910000,1633.8,450358400,540160,1.747,20.84
440,Sesamum,2007,Autumn,Odisha,4528,766,1633.8,604035.2,724.48,0.197058824,22.32
441,Sesamum,2007,Summer,Odisha,13819,3181,1633.8,1843454.6,2211.04,0.2736,26.69
442,Sesamum,2007,Winter,Odisha,30132,6220,1633.8,4019608.8,4821.12,0.1825,20.84
443,Sugarcane,2007,Winter,Odisha,19819,1069228,1633.8,2643854.6,3171.04,52.94266667,20.84
444,Urad,2007,Autumn,Odisha,32628,7455,1633.8,4352575.2,5220.48,0.222916667,22.32
445,Urad,2007,Summer,Odisha,9397,3568,1633.8,1253559.8,1503.52,0.276521739,26.69
446,Urad,2007,Winter,Odisha,106962,35299,1633.8,14268730.8,17113.92,0.297333333,20.84
447,Wheat,2007,Summer,Odisha,5548,8721,1633.8,740103.2,887.68,1.398,26.69
448,Groundnut,2008,Autumn,Odisha,32265,31406,1539,4615185.6,2903.85,0.79,22.87
449,Groundnut,2008,Summer,Odisha,49116,62791,1539,7025552.64,4420.44,1.197586207,26.46
450,Groundnut,2008,Winter,Odisha,2065,2289,1539,295377.6,185.85,1.129545455,20.39666667
451,Horse-gram,2008,Summer,Odisha,94,25,1539,13445.76,8.46,0.242,26.46
452,Horse-gram,2008,Winter,Odisha,58696,16093,1539,8395875.84,5282.64,0.304666667,20.39666667
453,Jute,2008,Autumn,Odisha,2429,19892,1539,347444.16,218.61,7.437142857,22.87
454,Maize,2008,Autumn,Odisha,64461,128056,1539,9220501.44,5801.49,1.1028,22.87
455,Maize,2008,Summer,Odisha,2249,5960,1539,321696.96,202.41,1.528888889,26.46
456,Maize,2008,Winter,Odisha,307,676,1539,43913.28,27.63,1.625333333,20.39666667
457,Moong(Green Gram),2008,Autumn,Odisha,22676,5300,1539,3243575.04,2040.84,0.184285714,22.87
458,Moong(Green Gram),2008,Summer,Odisha,125260,36512,1539,17917190.4,11273.4,0.2825,26.46
459,Moong(Green Gram),2008,Winter,Odisha,85557,18854,1539,12238073.28,7700.13,0.265357143,20.39666667
460,Potato,2008,Winter,Odisha,7315,75577,1539,1046337.6,658.35,9.706896552,20.39666667
461,Ragi,2008,Autumn,Odisha,26091,17371,1539,3732056.64,2348.19,0.573,22.87
462,Ragi,2008,Summer,Odisha,289,230,1539,41338.56,26.01,0.7,26.46
463,Ragi,2008,Winter,Odisha,39333,23440,1539,5626192.32,3539.97,0.563333333,20.39666667
464,Rapeseed &Mustard,2008,Winter,Odisha,13736,2527,1539,1964797.44,1236.24,0.166206897,20.39666667
465,Rice,2008,Autumn,Odisha,707000,735000,1539,101129280,63630,1.062142857,22.87
466,Rice,2008,Summer,Odisha,331000,811000,1539,47346240,29790,2.051538462,26.46
467,Rice,2008,Winter,Odisha,3417000,5266000,1539,488767680,307530,1.545333333,20.39666667
468,Sesamum,2008,Autumn,Odisha,3550,485,1539,507792,319.5,0.156875,22.87
469,Sesamum,2008,Summer,Odisha,5755,1455,1539,823195.2,517.95,0.278695652,26.46
470,Sesamum,2008,Winter,Odisha,28319,5310,1539,4050749.76,2548.71,0.19625,20.39666667
471,Sugarcane,2008,Winter,Odisha,10763,646243,1539,1539539.52,968.67,53.25,20.39666667
472,Urad,2008,Autumn,Odisha,28830,6823,1539,4123843.2,2594.7,0.24125,22.87
473,Urad,2008,Summer,Odisha,9669,3745,1539,1383053.76,870.21,0.31,26.46
474,Urad,2008,Winter,Odisha,90687,26672,1539,12971868.48,8161.83,0.266551724,20.39666667
475,Wheat,2008,Summer,Odisha,5267,7386,1539,753391.68,474.03,1.3836,26.46
476,Groundnut,2009,Autumn,Odisha,30731,28876,1330.3,4788504.42,5224.27,0.813913043,22.58
477,Groundnut,2009,Summer,Odisha,41875,55890,1330.3,6524962.5,7118.75,1.205517241,26.86
478,Groundnut,2009,Winter,Odisha,3685,4440,1330.3,574196.7,626.45,1.126666667,21.34
479,Horse-gram,2009,Summer,Odisha,276,74,1330.3,43006.32,46.92,0.2175,26.86
480,Horse-gram,2009,Winter,Odisha,64317,19856,1330.3,10021874.94,10933.89,0.330333333,21.34
481,Jute,2009,Autumn,Odisha,2935,30368,1330.3,457331.7,498.95,8.92,22.58
482,Maize,2009,Autumn,Odisha,78682,169659,1330.3,12260229.24,13375.94,1.0184,22.58
483,Maize,2009,Summer,Odisha,2265,5048,1330.3,352932.3,385.05,1.505217391,26.86
484,Maize,2009,Winter,Odisha,211,302,1330.3,32878.02,35.87,1.5675,21.34
485,Moong(Green Gram),2009,Autumn,Odisha,21731,4949,1330.3,3386124.42,3694.27,0.338,22.58
486,Moong(Green Gram),2009,Summer,Odisha,147688,46492,1330.3,23012744.16,25106.96,0.296206897,26.86
487,Moong(Green Gram),2009,Winter,Odisha,120690,27253,1330.3,18805915.8,20517.3,0.263703704,21.34
488,Potato,2009,Winter,Odisha,7877,97000,1330.3,1227394.14,1339.09,11.02241379,21.34
489,Ragi,2009,Autumn,Odisha,21856,13721,1330.3,3405601.92,3715.52,0.5895,22.58
490,Ragi,2009,Summer,Odisha,225,205,1330.3,35059.5,38.25,0.6925,26.86
491,Ragi,2009,Winter,Odisha,36949,23731,1330.3,5757393.18,6281.33,0.5675,21.34
492,Rapeseed &Mustard,2009,Winter,Odisha,12841,2736,1330.3,2000884.62,2182.97,0.197241379,21.34
493,Rice,2009,Autumn,Odisha,687000,618000,1330.3,107048340,116790,1.024074074,22.58
494,Rice,2009,Summer,Odisha,265000,714000,1330.3,41292300,45050,2.163636364,26.86
495,Rice,2009,Winter,Odisha,3413000,5581000,1330.3,531813660,580210,1.575666667,21.34
496,Sesamum,2009,Autumn,Odisha,4560,785,1330.3,710539.2,775.2,0.197777778,22.58
497,Sesamum,2009,Summer,Odisha,9198,2494,1330.3,1433232.36,1563.66,0.294347826,26.86
498,Sesamum,2009,Winter,Odisha,31783,7216,1330.3,4952427.06,5403.11,0.213478261,21.34
499,Sugarcane,2009,Winter,Odisha,7968,489941,1330.3,1241573.76,1354.56,54.9762069,21.34
500,Urad,2009,Autumn,Odisha,29523,6514,1330.3,4600273.86,5018.91,0.26,22.58
501,Urad,2009,Summer,Odisha,7333,2477,1330.3,1142628.06,1246.61,0.263,26.86
502,Urad,2009,Winter,Odisha,93222,30271,1330.3,14525852.04,15847.74,0.299655172,21.34
503,Wheat,2009,Summer,Odisha,3994,5782,1330.3,622345.08,678.98,1.3456,26.86
504,Groundnut,2010,Autumn,Odisha,32004,30732,1291.9,5316184.44,7680.96,0.849565217,22.6
505,Groundnut,2010,Summer,Odisha,37698,51336,1291.9,6262014.78,9047.52,1.247586207,27.83
506,Groundnut,2010,Winter,Odisha,3074,3604,1291.9,510622.14,737.76,1.071333333,20.99333333
507,Horse-gram,2010,Summer,Odisha,404,120,1291.9,67108.44,96.96,0.28,27.83
508,Horse-gram,2010,Winter,Odisha,69005,22093,1291.9,11462420.55,16561.2,0.318965517,20.99333333
509,Jute,2010,Autumn,Odisha,3181,36337,1291.9,528395.91,763.44,10.50428571,22.6
510,Maize,2010,Autumn,Odisha,111982,284745,1291.9,18601330.02,26875.68,1.3952,22.6
511,Maize,2010,Summer,Odisha,4454,12540,1291.9,739853.94,1068.96,1.8296,27.83
512,Maize,2010,Winter,Odisha,740,1529,1291.9,122921.4,177.6,1.978666667,20.99333333
513,Moong(Green Gram),2010,Autumn,Odisha,25378,6479,1291.9,4215539.58,6090.72,0.21375,22.6
514,Moong(Green Gram),2010,Summer,Odisha,184234,61251,1291.9,30603109.74,44216.16,0.291034483,27.83
515,Moong(Green Gram),2010,Winter,Odisha,78502,17381,1291.9,13039967.22,18840.48,0.248076923,20.99333333
516,Potato,2010,Winter,Odisha,6528,76208,1291.9,1084366.08,1566.72,10.70074074,20.99333333
517,Ragi,2010,Autumn,Odisha,27570,19424,1291.9,4579652.7,6616.8,0.6125,22.6
518,Ragi,2010,Summer,Odisha,328,276,1291.9,54484.08,78.72,0.854285714,27.83
519,Ragi,2010,Winter,Odisha,38276,27206,1291.9,6358026.36,9186.24,0.618333333,20.99333333
520,Rapeseed &Mustard,2010,Winter,Odisha,15925,3345,1291.9,2645301.75,3822,0.18137931,20.99333333
521,Rice,2010,Autumn,Odisha,678000,563000,1291.9,112622580,162720,0.939642857,22.6
522,Rice,2010,Summer,Odisha,293000,863000,1291.9,48670230,70320,2.1024,27.83
523,Rice,2010,Winter,Odisha,3255000,5398000,1291.9,540688050,781200,1.633,20.99333333
524,Sesamum,2010,Autumn,Odisha,6354,1280,1291.9,1055462.94,1524.96,0.205555556,22.6
525,Sesamum,2010,Summer,Odisha,7833,2092,1291.9,1301139.63,1879.92,0.324583333,27.83
526,Sesamum,2010,Winter,Odisha,37563,8219,1291.9,6239589.93,9015.12,0.193478261,20.99333333
527,Sugarcane,2010,Winter,Odisha,13142,902700,1291.9,2183017.62,3154.08,62.2525,20.99333333
528,Urad,2010,Autumn,Odisha,35912,8515,1291.9,5965342.32,8618.88,0.230909091,22.6
529,Urad,2010,Summer,Odisha,8014,2980,1291.9,1331205.54,1923.36,0.360416667,27.83
530,Urad,2010,Winter,Odisha,89773,28134,1291.9,14912193.03,21545.52,0.280333333,20.99333333
531,Wheat,2010,Summer,Odisha,2857,4176,1291.9,474576.27,685.68,1.3396,27.83
532,Groundnut,2011,Autumn,Odisha,27791,22556,1346.2,4655548.32,9171.03,0.765454545,22.71
533,Groundnut,2011,Summer,Odisha,36351,54008,1346.2,6089519.52,11995.83,1.411034483,26.38
534,Groundnut,2011,Winter,Odisha,2140,2274,1346.2,358492.8,706.2,1.038,20.59666667
535,Horse-gram,2011,Summer,Odisha,90,27,1346.2,15076.8,29.7,0.25,26.38
536,Horse-gram,2011,Winter,Odisha,44164,10668,1346.2,7398353.28,14574.12,0.254137931,20.59666667
537,Jute,2011,Autumn,Odisha,3910,32084,1346.2,655003.2,1290.3,9.218571429,22.71
538,Maize,2011,Autumn,Odisha,98714,202050,1346.2,16536569.28,32575.62,1.3072,22.71
539,Maize,2011,Summer,Odisha,3971,9914,1346.2,665221.92,1310.43,2.039130435,26.38
540,Maize,2011,Winter,Odisha,177,227,1346.2,29651.04,58.41,1.776153846,20.59666667
541,Moong(Green Gram),2011,Autumn,Odisha,24786,5254,1346.2,4152150.72,8179.38,0.190769231,22.71
542,Moong(Green Gram),2011,Summer,Odisha,147141,47584,1346.2,24649060.32,48556.53,0.2925,26.38
543,Moong(Green Gram),2011,Winter,Odisha,41861,8498,1346.2,7012554.72,13814.13,0.294814815,20.59666667
544,Niger seed,2011,Winter,Odisha,31844,4770,1346.2,5334506.88,10508.52,0.124545455,20.59666667
545,Potato,2011,Winter,Odisha,5779,63010,1346.2,968098.08,1907.07,10.49888889,20.59666667
546,Ragi,2011,Autumn,Odisha,20228,12871,1346.2,3388594.56,6675.24,0.548235294,22.71
547,Ragi,2011,Summer,Odisha,114,81,1346.2,19097.28,37.62,0.673333333,26.38
548,Ragi,2011,Winter,Odisha,34666,17961,1346.2,5807248.32,11439.78,0.42,20.59666667
549,Rapeseed &Mustard,2011,Winter,Odisha,10335,2194,1346.2,1731319.2,3410.55,0.191428571,20.59666667
550,Rice,2011,Autumn,Odisha,536000,418000,1346.2,89790720,176880,0.8,22.71
551,Rice,2011,Summer,Odisha,236000,755000,1346.2,39534720,77880,2.363913043,26.38
552,Rice,2011,Winter,Odisha,3233000,4633000,1346.2,541592160,1066890,1.405333333,20.59666667
553,Sesamum,2011,Autumn,Odisha,4517,745,1346.2,756687.84,1490.61,0.182,22.71
554,Sesamum,2011,Summer,Odisha,5247,1549,1346.2,878977.44,1731.51,0.304347826,26.38
555,Sesamum,2011,Winter,Odisha,16749,2507,1346.2,2805792.48,5527.17,0.176086957,20.59666667
556,Sugarcane,2011,Winter,Odisha,14499,884716,1346.2,2428872.48,4784.67,59.61214286,20.59666667
557,Urad,2011,Autumn,Odisha,29714,6032,1346.2,4977689.28,9805.62,0.20952381,22.71
558,Urad,2011,Summer,Odisha,5980,2073,1346.2,1001769.6,1973.4,0.270434783,26.38
559,Urad,2011,Winter,Odisha,76386,21975,1346.2,12796182.72,25207.38,0.253103448,20.59666667
560,Wheat,2011,Summer,Odisha,1461,2396,1346.2,244746.72,482.13,1.39,26.38
561,Groundnut,2012,Autumn,Odisha,25179,26492,1430.2,3796993.2,7805.49,1.015652174,22.35
562,Groundnut,2012,Summer,Odisha,38683,52029,1430.2,5833396.4,11991.73,1.300344828,26.55
563,Groundnut,2012,Winter,Odisha,2487,3136,1430.2,375039.6,770.97,1.155294118,20.34333333
564,Horse-gram,2012,Summer,Odisha,61,19,1430.2,9198.8,18.91,0.28,26.55
565,Horse-gram,2012,Winter,Odisha,48249,17465,1430.2,7275949.2,14957.19,0.363448276,20.34333333
566,Jute,2012,Autumn,Odisha,1776,3112,1430.2,267820.8,550.56,1.694285714,22.35
567,Maize,2012,Autumn,Odisha,90572,216990,1430.2,13658257.6,28077.32,1.4536,22.35
568,Maize,2012,Summer,Odisha,3578,10000,1430.2,539562.4,1109.18,1.860909091,26.55
569,Maize,2012,Winter,Odisha,331,483,1430.2,49914.8,102.61,2.008461538,20.34333333
570,Moong(Green Gram),2012,Autumn,Odisha,21882,5999,1430.2,3299805.6,6783.42,0.242857143,22.35
571,Moong(Green Gram),2012,Summer,Odisha,159285,54343,1430.2,24020178,49378.35,0.360357143,26.55
572,Moong(Green Gram),2012,Winter,Odisha,99426,27442,1430.2,14993440.8,30822.06,0.322,20.34333333
573,Potato,2012,Winter,Odisha,5324,65017,1430.2,802859.2,1650.44,11.66964286,20.34333333
574,Ragi,2012,Autumn,Odisha,17502,12599,1430.2,2639301.6,5425.62,0.632,22.35
575,Ragi,2012,Summer,Odisha,119,94,1430.2,17945.2,36.89,0.833333333,26.55
576,Ragi,2012,Winter,Odisha,39551,31335,1430.2,5964290.8,12260.81,0.682727273,20.34333333
577,Rapeseed &Mustard,2012,Winter,Odisha,14631,4031,1430.2,2206354.8,4535.61,0.238275862,20.34333333
578,Rice,2012,Autumn,Odisha,561000,970000,1430.2,84598800,173910,1.56,22.35
579,Rice,2012,Summer,Odisha,8629000,868000,1430.2,1301253200,2674990,0.077333333,26.55
580,Rice,2012,Winter,Odisha,3188000,7658000,1430.2,480750400,988280,2.490666667,20.34333333
581,Sesamum,2012,Autumn,Odisha,3270,581,1430.2,493116,1013.7,0.226666667,22.35
582,Sesamum,2012,Summer,Odisha,3008,965,1430.2,453606.4,932.48,0.338695652,26.55
583,Sesamum,2012,Winter,Odisha,15445,3773,1430.2,2329106,4787.95,0.263636364,20.34333333
584,Sugarcane,2012,Winter,Odisha,14530,952370,1430.2,2191124,4504.3,67.76214286,20.34333333
585,Urad,2012,Autumn,Odisha,27091,7941,1430.2,4085322.8,8398.21,0.2775,22.35
586,Urad,2012,Summer,Odisha,5021,1901,1430.2,757166.8,1556.51,0.400555556,26.55
587,Urad,2012,Winter,Odisha,79881,27544,1430.2,12046054.8,24763.11,0.336785714,20.34333333
588,Wheat,2012,Summer,Odisha,1039,1974,1430.2,156681.2,322.09,1.622857143,26.55
589,Groundnut,2013,Autumn,Odisha,24161,26412,1632.4,3491022.89,6523.47,0.964782609,22.5
590,Groundnut,2013,Summer,Odisha,34063,58046,1632.4,4921762.87,9197.01,1.442413793,26.85
591,Groundnut,2013,Winter,Odisha,1669,2311,1632.4,241153.81,450.63,1.251428571,20.82
592,Horse-gram,2013,Summer,Odisha,62,21,1632.4,8958.38,16.74,0.38,26.85
593,Horse-gram,2013,Winter,Odisha,42038,15031,1632.4,6074070.62,11350.26,0.33137931,20.82
594,Jute,2013,Autumn,Odisha,1971,3566,1632.4,284789.79,532.17,1.82,22.5
595,Maize,2013,Autumn,Odisha,91261,252778,1632.4,13186301.89,24640.47,1.566666667,22.5
596,Maize,2013,Summer,Odisha,3591,10430,1632.4,518863.59,969.57,1.905454545,26.85
597,Maize,2013,Winter,Odisha,278,420,1632.4,40168.22,75.06,1.802222222,20.82
598,Moong(Green Gram),2013,Autumn,Odisha,24135,7728,1632.4,3487266.15,6516.45,0.2575,22.5
599,Moong(Green Gram),2013,Summer,Odisha,137237,56544,1632.4,19829374.13,37053.99,0.398888889,26.85
600,Moong(Green Gram),2013,Winter,Odisha,90618,24421,1632.4,13093394.82,24466.86,0.3176,20.82
601,Potato,2013,Winter,Odisha,6151,71342,1632.4,888757.99,1660.77,11.84296296,20.82
602,Ragi,2013,Autumn,Odisha,15768,11548,1632.4,2278318.32,4257.36,0.598,22.5
603,Ragi,2013,Summer,Odisha,229,191,1632.4,33088.21,61.83,0.755714286,26.85
604,Ragi,2013,Winter,Odisha,40637,34102,1632.4,5871640.13,10971.99,0.858333333,20.82
605,Rapeseed &Mustard,2013,Winter,Odisha,13442,3617,1632.4,1942234.58,3629.34,0.231071429,20.82
606,Rice,2013,Autumn,Odisha,582000,851000,1632.4,84093180,157140,1.2972,22.5
607,Rice,2013,Summer,Odisha,300000,1025000,1632.4,43347000,81000,2.857307692,26.85
608,Rice,2013,Winter,Odisha,3298000,5734000,1632.4,476528020,890460,1.853,20.82
609,Sesamum,2013,Autumn,Odisha,2737,564,1632.4,395469.13,738.99,0.25,22.5
610,Sesamum,2013,Summer,Odisha,4631,1210,1632.4,669133.19,1250.37,0.333478261,26.85
611,Sesamum,2013,Winter,Odisha,16171,3838,1632.4,2336547.79,4366.17,0.231818182,20.82
612,Sugarcane,2013,Winter,Odisha,14213,936514,1632.4,2053636.37,3837.51,62.18535714,20.82
613,Urad,2013,Autumn,Odisha,27587,8298,1632.4,3986045.63,7448.49,0.253888889,22.5
614,Urad,2013,Summer,Odisha,3008,1344,1632.4,434625.92,812.16,0.383125,26.85
615,Urad,2013,Winter,Odisha,54210,16697,1632.4,7832802.9,14636.7,0.322758621,20.82
616,Wheat,2013,Summer,Odisha,678,1069,1632.4,97964.22,183.06,1.665555556,26.85
617,Groundnut,2014,Autumn,Odisha,20519,21179,1536.9,3097548.24,6771.27,1.088571429,22.47
618,Groundnut,2014,Summer,Odisha,26407,38842,1536.9,3986400.72,8714.31,1.472857143,26.24
619,Groundnut,2014,Winter,Odisha,1916,1936,1536.9,289239.36,632.28,1.179230769,20.54333333
620,Horse-gram,2014,Summer,Odisha,118,40,1536.9,17813.28,38.94,0.368,26.24
621,Horse-gram,2014,Winter,Odisha,38245,13177,1536.9,5773465.2,12620.85,0.343103448,20.54333333
622,Jute,2014,Autumn,Odisha,1057,1718,1536.9,159564.72,348.81,1.55,22.47
623,Maize,2014,Autumn,Odisha,89218,181982,1536.9,13468349.28,29441.94,1.46875,22.47
624,Maize,2014,Summer,Odisha,2266,5918,1536.9,342075.36,747.78,2.085,26.24
625,Maize,2014,Winter,Odisha,180,302,1536.9,27172.8,59.4,2.656363636,20.54333333
626,Moong(Green Gram),2014,Autumn,Odisha,22009,4904,1536.9,3322478.64,7262.97,0.278888889,22.47
627,Moong(Green Gram),2014,Summer,Odisha,175592,70272,1536.9,26507368.32,57945.36,0.391481481,26.24
628,Moong(Green Gram),2014,Winter,Odisha,97798,29848,1536.9,14763586.08,32273.34,0.322857143,20.54333333
629,Potato,2014,Winter,Odisha,8445,104081,1536.9,1274857.2,2786.85,12.0725,20.54333333
630,Ragi,2014,Autumn,Odisha,15247,10806,1536.9,2301687.12,5031.51,0.638571429,22.47
631,Ragi,2014,Summer,Odisha,286,260,1536.9,43174.56,94.38,0.728571429,26.24
632,Ragi,2014,Winter,Odisha,35945,26950,1536.9,5426257.2,11861.85,0.682857143,20.54333333
633,Rapeseed &Mustard,2014,Winter,Odisha,10119,2473,1536.9,1527564.24,3339.27,0.244137931,20.54333333
634,Rice,2014,Autumn,Odisha,583000,1036000,1536.9,88009680,192390,1.599166667,22.47
635,Rice,2014,Summer,Odisha,301000,1002000,1536.9,45438960,99330,2.62,26.24
636,Rice,2014,Winter,Odisha,3282000,7802000,1536.9,495450720,1083060,2.379333333,20.54333333
637,Sesamum,2014,Autumn,Odisha,3679,833,1536.9,555381.84,1214.07,0.25125,22.47
638,Sesamum,2014,Summer,Odisha,4255,1278,1536.9,642334.8,1404.15,0.350434783,26.24
639,Sesamum,2014,Winter,Odisha,17919,4546,1536.9,2705052.24,5913.27,0.2695,20.54333333
640,Sugarcane,2014,Winter,Odisha,10047,722892,1536.9,1516695.12,3315.51,60.30111111,20.54333333
641,Urad,2014,Autumn,Odisha,22843,5978,1536.9,3448379.28,7538.19,0.285,22.47
642,Urad,2014,Summer,Odisha,2800,1120,1536.9,422688,924,0.402777778,26.24
643,Urad,2014,Winter,Odisha,56121,20452,1536.9,8472026.16,18519.93,0.351034483,20.54333333
644,Wheat,2014,Summer,Odisha,403,658,1536.9,60836.88,132.99,1.440625,26.24
645,Groundnut,2015,Autumn,Odisha,16983,13595,1210.1,2681785.53,5604.39,0.985,22.99
646,Groundnut,2015,Summer,Odisha,32819,40760,1210.1,5182448.29,10830.27,1.242758621,26.29
647,Groundnut,2015,Winter,Odisha,1404,1812,1210.1,221705.64,463.32,1.170833333,21.07666667
648,Horse-gram,2015,Summer,Odisha,156,27,1210.1,24633.96,51.48,0.18,26.29
649,Horse-gram,2015,Winter,Odisha,33206,9416,1210.1,5243559.46,10957.98,0.356551724,21.07666667
650,Jute,2015,Autumn,Odisha,1204,2617,1210.1,190123.64,397.32,1.901666667,22.99
651,Maize,2015,Autumn,Odisha,52843,103999,1210.1,8344438.13,17438.19,1.629130435,22.99
652,Maize,2015,Summer,Odisha,2489,6521,1210.1,393037.99,821.37,1.936111111,26.29
653,Maize,2015,Winter,Odisha,255,458,1210.1,40267.05,84.15,2.528,21.07666667
654,Moong(Green Gram),2015,Autumn,Odisha,19391,4715,1210.1,3062032.81,6399.03,0.231111111,22.99
655,Moong(Green Gram),2015,Summer,Odisha,200039,65014,1210.1,31588158.49,66012.87,0.332413793,26.29
656,Moong(Green Gram),2015,Winter,Odisha,70356,15494,1210.1,11109915.96,23217.48,0.249545455,21.07666667
657,Potato,2015,Winter,Odisha,5626,57236,1210.1,888401.66,1856.58,9.88962963,21.07666667
658,Ragi,2015,Autumn,Odisha,14230,8780,1210.1,2247059.3,4695.9,0.597857143,22.99
659,Ragi,2015,Summer,Odisha,297,265,1210.1,46899.27,98.01,0.782857143,26.29
660,Ragi,2015,Winter,Odisha,31166,19281,1210.1,4921423.06,10284.78,0.533,21.07666667
661,Rapeseed &Mustard,2015,Winter,Odisha,7308,1497,1210.1,1154006.28,2411.64,0.206785714,21.07666667
662,Rice,2015,Autumn,Odisha,541000,390000,1210.1,85429310,178530,0.864583333,22.99
663,Rice,2015,Summer,Odisha,234000,782000,1210.1,36950940,77220,2.619090909,26.29
664,Rice,2015,Winter,Odisha,3167000,4702000,1210.1,500100970,1045110,1.417666667,21.07666667
665,Sesamum,2015,Autumn,Odisha,2959,623,1210.1,467255.69,976.47,0.258,22.99
666,Sesamum,2015,Summer,Odisha,4633,1219,1210.1,731597.03,1528.89,0.309047619,26.29
667,Sesamum,2015,Winter,Odisha,12434,2300,1210.1,1963452.94,4103.22,0.182,21.07666667
668,Sugarcane,2015,Winter,Odisha,8962,577158,1210.1,1415189.42,2957.46,58.85428571,21.07666667
669,Urad,2015,Autumn,Odisha,20281,5005,1210.1,3202572.71,6692.73,0.282142857,22.99
670,Urad,2015,Summer,Odisha,7564,3170,1210.1,1194431.24,2496.12,0.388,26.29
671,Urad,2015,Winter,Odisha,46473,16207,1210.1,7338551.43,15336.09,0.311481481,21.07666667
672,Wheat,2015,Summer,Odisha,367,494,1210.1,57952.97,121.11,1.2675,26.29
673,Groundnut,2016,Autumn,Odisha,21190,20029,1460.5,3247367.5,7416.5,0.982380952,24.2
674,Groundnut,2016,Summer,Odisha,19389,29731,1460.5,2971364.25,6786.15,1.491851852,28.86
675,Groundnut,2016,Winter,Odisha,4355,5469,1460.5,667403.75,1524.25,1.24875,22.9
676,Horse-gram,2016,Summer,Odisha,40,15,1460.5,6130,14,0.3375,28.86
677,Horse-gram,2016,Winter,Odisha,34046,14838,1460.5,5217549.5,11916.1,0.396071429,22.9
678,Jute,2016,Autumn,Odisha,753,1264,1460.5,115397.25,263.55,1.741666667,24.2
679,Maize,2016,Autumn,Odisha,68457,195388,1460.5,10491035.25,23959.95,1.746521739,24.2
680,Maize,2016,Summer,Odisha,2589,7542,1460.5,396764.25,906.15,1.770769231,28.86
681,Maize,2016,Winter,Odisha,1344,1736,1460.5,205968,470.4,1.541818182,22.9
682,Moong(Green Gram),2016,Autumn,Odisha,40753,17849,1460.5,6245397.25,14263.55,0.60875,24.2
683,Moong(Green Gram),2016,Summer,Odisha,157356,74083,1460.5,24114807,55074.6,0.461153846,28.86
684,Moong(Green Gram),2016,Winter,Odisha,128055,41693,1460.5,19624428.75,44819.25,0.407916667,22.9
685,Niger seed,2016,Winter,Odisha,15018,4616,1460.5,2301508.5,5256.3,0.288888889,22.9
686,Potato,2016,Winter,Odisha,6524,82158,1460.5,999803,2283.4,12.69703704,22.9
687,Ragi,2016,Autumn,Odisha,14266,9107,1460.5,2186264.5,4993.1,0.594117647,24.2
688,Ragi,2016,Summer,Odisha,78,54,1460.5,11953.5,27.3,0.652857143,28.86
689,Ragi,2016,Winter,Odisha,32617,23981,1460.5,4998555.25,11415.95,0.702727273,22.9
690,Rapeseed &Mustard,2016,Winter,Odisha,9698,3354,1460.5,1486218.5,3394.3,0.293214286,22.9
691,Rice,2016,Autumn,Odisha,511550,657520,1460.5,78395037.5,179042.5,1.444074074,24.2
692,Rice,2016,Summer,Odisha,224780,793690,1460.5,34447535,78673,2.745333333,28.86
693,Rice,2016,Winter,Odisha,3226450,8343100,1460.5,494453462.5,1129257.5,2.543,22.9
694,Sesamum,2016,Autumn,Odisha,3571,1027,1460.5,547255.75,1249.85,0.270909091,24.2
695,Sesamum,2016,Summer,Odisha,1435,439,1460.5,219913.75,502.25,0.408333333,28.86
696,Sesamum,2016,Winter,Odisha,11000,3429,1460.5,1685750,3850,0.2825,22.9
697,Sugarcane,2016,Winter,Odisha,5493,344294,1460.5,841802.25,1922.55,56.1604,22.9
698,Urad,2016,Autumn,Odisha,27899,11114,1460.5,4275521.75,9764.65,0.46,24.2
699,Urad,2016,Summer,Odisha,15269,8309,1460.5,2339974.25,5344.15,0.4775,28.86
700,Urad,2016,Winter,Odisha,65569,29995,1460.5,10048449.25,22949.15,0.412068966,22.9
701,Wheat,2016,Summer,Odisha,57,80,1460.5,8735.25,19.95,0.95,28.86
702,Groundnut,2017,Autumn,Odisha,14414,12959,1344.4,2269340.16,5477.32,1.061111111,24.21
703,Groundnut,2017,Summer,Odisha,17089,22355,1344.4,2690492.16,6493.82,1.498518519,28.41
704,Groundnut,2017,Winter,Odisha,1817,2466,1344.4,286068.48,690.46,1.304375,22.63
705,Horse-gram,2017,Summer,Odisha,373,142,1344.4,58725.12,141.74,0.45,28.41
706,Horse-gram,2017,Winter,Odisha,25841,10641,1344.4,4068407.04,9819.58,0.383571429,22.63
707,Jute,2017,Autumn,Odisha,947,2360,1344.4,149095.68,359.86,2.055,24.21
708,Maize,2017,Autumn,Odisha,44436,111619,1344.4,6996003.84,16885.68,1.745714286,24.21
709,Maize,2017,Summer,Odisha,2132,5803,1344.4,335662.08,810.16,2.552857143,28.41
710,Maize,2017,Winter,Odisha,374,527,1344.4,58882.56,142.12,2.14625,22.63
711,Moong(Green Gram),2017,Autumn,Odisha,26254,8381,1344.4,4133429.76,9976.52,0.383333333,24.21
712,Moong(Green Gram),2017,Summer,Odisha,127403,57568,1344.4,20058328.32,48413.14,0.444814815,28.41
713,Moong(Green Gram),2017,Winter,Odisha,82357,25559,1344.4,12966286.08,31295.66,0.419130435,22.63
714,Niger seed,2017,Winter,Odisha,18348,5991,1344.4,2888709.12,6972.24,0.264444444,22.63
715,Potato,2017,Winter,Odisha,3966,41812,1344.4,624407.04,1507.08,11.95545455,22.63
716,Ragi,2017,Autumn,Odisha,10042,7679,1344.4,1581012.48,3815.96,0.573333333,24.21
717,Ragi,2017,Summer,Odisha,110,75,1344.4,17318.4,41.8,0.643333333,28.41
718,Ragi,2017,Winter,Odisha,32440,24893,1344.4,5107353.6,12327.2,0.635,22.63
719,Rapeseed &Mustard,2017,Winter,Odisha,8650,2819,1344.4,1361856,3287,0.327916667,22.63
720,Rice,2017,Autumn,Odisha,530320,576840,1344.4,83493580.8,201521.6,1.218928571,24.21
721,Rice,2017,Summer,Odisha,221940,695400,1344.4,34942233.6,84337.2,2.673571429,28.41
722,Rice,2017,Winter,Odisha,3014130,5279130,1344.4,474544627.2,1145369.4,1.747,22.63
723,Sesamum,2017,Autumn,Odisha,2441,598,1344.4,384311.04,927.58,0.301818182,24.21
724,Sesamum,2017,Summer,Odisha,1848,510,1344.4,290949.12,702.24,0.352941176,28.41
725,Sesamum,2017,Winter,Odisha,10515,3030,1344.4,1655481.6,3995.7,0.268333333,22.63
726,Sugarcane,2017,Winter,Odisha,3713,240245,1344.4,584574.72,1410.94,56.588,22.63
727,Urad,2017,Autumn,Odisha,20431,6410,1344.4,3216656.64,7763.78,0.372307692,24.21
728,Urad,2017,Summer,Odisha,13987,6963,1344.4,2202113.28,5315.06,0.413333333,28.41
729,Urad,2017,Winter,Odisha,42760,15322,1344.4,6732134.4,16248.8,0.382413793,22.63
730,Wheat,2017,Summer,Odisha,73,158,1344.4,11493.12,27.74,2.387142857,28.41
731,Groundnut,2018,Autumn,Odisha,10974,11237,1635.9,1779982.8,3840.9,1.1135,23.55
732,Groundnut,2018,Summer,Odisha,14924,21685,1635.9,2420672.8,5223.4,1.6984,28.16
733,Groundnut,2018,Winter,Odisha,1977,2669,1635.9,320669.4,691.95,1.4975,22.01
734,Horse-gram,2018,Summer,Odisha,38,14,1635.9,6163.6,13.3,0.35,28.16
735,Horse-gram,2018,Winter,Odisha,23569,8680,1635.9,3822891.8,8249.15,0.379310345,22.01
736,Jute,2018,Autumn,Odisha,200,313,1635.9,32440,70,1.54,23.55
737,Maize,2018,Autumn,Odisha,49126,113342,1635.9,7968237.2,17194.1,1.665652174,23.55
738,Maize,2018,Summer,Odisha,2855,7452,1635.9,463081,999.25,2.334615385,28.16
739,Maize,2018,Winter,Odisha,67,164,1635.9,10867.4,23.45,2.231,22.01
740,Moong(Green Gram),2018,Autumn,Odisha,10615,2798,1635.9,1721753,3715.25,0.418,23.55
741,Moong(Green Gram),2018,Summer,Odisha,143548,50843,1635.9,23283485.6,50241.8,0.405555556,28.16
742,Moong(Green Gram),2018,Winter,Odisha,62479,17222,1635.9,10134093.8,21867.65,0.332173913,22.01
743,Niger seed,2018,Winter,Odisha,18987,5195,1635.9,3079691.4,6645.45,0.231111111,22.01
744,Potato,2018,Winter,Odisha,4900,54455,1635.9,794780,1715,13.01730769,22.01
745,Ragi,2018,Autumn,Odisha,8511,5827,1635.9,1380484.2,2978.85,0.640909091,23.55
746,Ragi,2018,Summer,Odisha,212,132,1635.9,34386.4,74.2,0.768333333,28.16
747,Ragi,2018,Winter,Odisha,27944,19356,1635.9,4532516.8,9780.4,0.538888889,22.01
748,Rapeseed &Mustard,2018,Winter,Odisha,6019,1657,1635.9,976281.8,2106.65,0.271428571,22.01
749,Rice,2018,Autumn,Odisha,454370,527490,1635.9,73698814,159029.5,1.322916667,23.55
750,Rice,2018,Summer,Odisha,274230,925810,1635.9,44480106,95980.5,2.586071429,28.16
751,Rice,2018,Winter,Odisha,3130820,6280410,1635.9,507819004,1095787,1.982333333,22.01
752,Sesamum,2018,Autumn,Odisha,1592,490,1635.9,258222.4,557.2,0.287,23.55
753,Sesamum,2018,Summer,Odisha,2229,449,1635.9,361543.8,780.15,0.282857143,28.16
754,Sesamum,2018,Winter,Odisha,11056,2563,1635.9,1793283.2,3869.6,0.212777778,22.01
755,Sugarcane,2018,Winter,Odisha,6778,417672,1635.9,1099391.6,2372.3,57.58454545,22.01
756,Urad,2018,Autumn,Odisha,13720,3583,1635.9,2225384,4802,0.336666667,23.55
757,Urad,2018,Summer,Odisha,4571,2336,1635.9,741416.2,1599.85,0.469090909,28.16
758,Urad,2018,Winter,Odisha,39560,13123,1635.9,6416632,13846,0.352758621,22.01
759,Wheat,2018,Summer,Odisha,147,268,1635.9,23843.4,51.45,1.825,28.16
